postcode,SEIFA_advantage_disadvantage,SEIFA_disadvantage,SEIFA_economic,SEIFA_education_occupation
2000,4,3,1,5
2007,4,2,1,5
2008,5,3,1,5
2009,5,4,1,5
2010,5,4,1,5
2011,5,4,1,5
2015,5,5,3,5
2016,4,3,1,5
2017,4,3,1,5
2018,4,3,1,4
2019,4,4,4,4
2020,4,4,2,4
2021,5,5,4,5
2022,5,5,3,5
2023,5,5,5,5
2024,5,5,4,5
2025,5,5,4,5
2026,5,5,3,5
2027,5,5,4,5
2028,5,5,4,5
2029,5,5,4,5
2030,5,5,5,5
2031,5,5,3,5
2032,4,3,1,5
2033,5,4,1,5
2034,5,5,3,5
2035,4,4,3,5
2036,4,4,3,4
2037,5,4,1,5
2038,5,5,4,5
2039,5,5,5,5
2040,5,5,4,5
2041,5,5,4,5
2042,5,5,2,5
2043,5,5,3,5
2044,4,4,4,5
2045,5,5,5,5
2046,5,5,4,5
2047,5,5,4,5
2048,5,5,3,5
2049,5,4,3,5
2050,5,5,1,5
2052,5,4,1,5
2060,5,5,3,5
2061,5,5,2,5
2062,5,5,4,5
2063,5,5,5,5
2064,5,5,3,5
2065,5,5,4,5
2066,5,5,5,5
2067,5,4,2,5
2068,5,5,5,5
2069,5,5,5,5
2070,5,5,5,5
2071,5,5,5,5
2072,5,5,5,5
2073,5,5,5,5
2074,5,5,5,5
2075,5,5,5,5
2076,5,5,5,5
2077,5,4,4,5
2079,5,5,5,5
2080,5,5,5,4
2081,5,5,5,5
2082,5,5,5,5
2083,4,4,4,4
2084,5,5,5,5
2085,5,5,5,5
2086,5,5,5,5
2087,5,5,5,5
2088,5,5,5,5
2089,5,5,3,5
2090,5,5,4,5
2092,5,5,5,5
2093,5,5,5,5
2094,5,5,5,5
2095,5,5,3,5
2096,5,5,5,5
2097,5,5,5,5
2099,4,4,4,4
2100,5,5,5,5
2101,5,5,5,4
2102,5,5,5,5
2103,5,5,5,5
2104,5,5,5,5
2105,5,5,5,5
2106,5,5,5,5
2107,5,5,5,5
2108,5,5,5,5
2109,5,4,1,5
2110,5,5,5,5
2111,5,5,5,5
2112,5,4,4,5
2113,5,5,4,5
2114,5,4,3,5
2115,4,3,3,4
2116,4,3,2,4
2117,4,4,3,4
2118,5,4,4,5
2119,5,5,5,5
2120,5,5,5,5
2121,5,5,4,5
2122,4,4,3,5
2125,5,5,5,5
2126,5,5,5,5
2127,5,5,4,5
2128,4,3,2,4
2130,5,4,2,5
2131,4,3,1,4
2132,4,4,4,4
2133,4,4,4,4
2134,4,2,1,4
2135,5,4,2,5
2136,4,4,4,4
2137,5,5,4,5
2138,5,4,2,5
2140,4,4,1,4
2141,3,2,2,3
2142,2,1,1,3
2143,2,1,2,3
2144,1,1,1,1
2145,4,4,3,4
2146,4,4,4,4
2147,3,3,3,3
2148,3,2,2,2
2150,4,3,1,4
2151,4,4,3,5
2152,4,4,4,4
2153,5,5,5,5
2154,5,5,5,5
2155,5,5,5,5
2156,5,5,5,5
2157,5,5,5,4
2158,5,5,5,5
2159,5,5,5,4
2160,2,1,1,2
2161,1,1,1,1
2162,1,1,1,1
2163,1,1,1,1
2164,1,1,2,1
2165,1,1,1,1
2166,1,1,1,1
2167,4,4,3,3
2168,1,1,1,1
2170,2,1,2,2
2171,4,4,5,3
2172,5,5,5,5
2173,5,5,5,4
2174,5,5,5,4
2175,4,4,5,2
2176,3,2,4,2
2177,1,1,3,1
2178,4,4,5,3
2179,3,3,4,2
2190,2,1,2,2
2191,4,3,3,3
2192,2,1,1,2
2193,4,4,3,4
2194,2,1,1,3
2195,1,1,1,1
2196,2,1,2,2
2197,2,1,2,2
2198,4,3,4,3
2199,2,1,1,2
2200,2,1,1,2
2203,4,4,2,5
2204,4,3,2,4
2205,4,3,1,4
2206,4,4,4,4
2207,4,3,4,4
2208,4,3,4,4
2209,3,3,2,3
2210,3,3,3,3
2211,4,4,4,3
2212,3,3,3,3
2213,4,4,4,4
2214,4,4,5,3
2216,4,3,2,4
2217,4,4,2,4
2218,4,3,2,4
2219,4,4,4,4
2220,4,3,1,4
2221,5,4,5,4
2222,4,4,3,4
2223,5,5,4,4
2224,4,5,5,4
2225,5,5,5,5
2226,5,5,5,5
2227,5,5,5,4
2228,4,4,4,4
2229,5,5,5,4
2230,5,5,5,5
2231,4,4,5,3
2232,4,5,5,4
2233,5,5,5,4
2234,5,5,5,4
2250,3,3,3,3
2251,4,4,4,4
2256,2,2,1,3
2257,3,3,2,3
2258,4,4,5,4
2259,2,2,3,2
2260,4,5,5,4
2261,2,3,3,2
2262,1,2,2,1
2263,1,1,1,1
2264,2,3,3,2
2265,3,3,4,4
2267,3,3,3,3
2278,2,3,4,1
2280,3,4,4,3
2281,3,3,3,2
2282,4,4,4,4
2283,2,2,3,2
2284,2,2,2,2
2285,3,3,4,2
2286,2,2,3,1
2287,3,3,3,3
2289,4,4,4,4
2290,3,4,3,3
2291,5,5,4,5
2292,3,3,1,4
2293,4,4,2,5
2294,3,3,1,4
2295,3,3,3,3
2296,3,3,1,4
2297,3,3,1,4
2298,3,2,1,3
2299,2,2,1,3
2300,4,4,2,5
2302,4,3,1,4
2303,3,3,1,4
2304,2,2,1,3
2305,4,4,4,4
2306,1,1,1,1
2307,1,2,1,2
2311,2,2,3,2
2312,1,2,3,1
2315,3,3,3,3
2316,3,3,4,2
2317,3,3,3,2
2318,4,4,5,3
2319,1,2,2,1
2320,3,3,4,2
2321,3,4,4,2
2322,2,2,3,1
2323,3,2,3,2
2324,1,2,2,1
2325,1,1,2,1
2326,1,1,2,1
2327,1,1,1,1
2328,2,2,3,1
2329,1,1,2,1
2330,3,3,4,1
2331,4,4,5,3
2333,1,1,2,1
2334,1,2,3,1
2335,3,4,5,2
2336,2,2,3,1
2337,3,3,4,2
2338,1,1,2,2
2339,3,2,4,2
2340,2,2,2,2
2341,1,1,1,1
2342,3,3,4,3
2343,2,1,2,2
2344,4,4,5,3
2345,3,3,4,1
2346,1,1,1,1
2347,1,1,1,2
2350,3,3,2,4
2352,2,3,4,1
2353,2,2,3,1
2354,3,3,3,3
2355,2,2,2,2
2356,1,1,1,1
2357,1,1,1,2
2358,2,2,2,3
2359,1,1,2,1
2360,1,1,1,1
2361,1,1,1,1
2365,2,2,3,2
2369,1,1,1,1
2370,1,1,1,2
2371,1,1,1,2
2372,1,1,1,2
2379,4,4,4,4
2380,2,2,3,1
2381,2,2,3,2
2382,1,1,2,1
2386,3,3,4,3
2387,3,3,3,4
2388,1,1,2,2
2390,2,2,3,2
2395,1,1,1,1
2396,1,1,1,1
2397,3,3,3,3
2398,3,4,4,4
2399,2,3,4,2
2400,2,1,1,2
2401,3,3,4,3
2402,1,1,2,1
2403,1,1,3,3
2404,1,1,1,2
2405,4,4,4,4
2406,2,2,1,3
2408,4,4,4,4
2409,1,1,1,1
2410,2,2,2,3
2411,4,4,4,4
2415,3,2,3,2
2420,2,2,3,2
2421,4,4,5,3
2422,2,2,2,2
2423,1,1,2,1
2424,1,1,1,1
2425,2,2,3,2
2426,1,1,1,1
2427,1,1,2,1
2428,1,1,1,1
2429,1,1,2,1
2430,1,1,1,1
2431,1,2,2,1
2439,2,3,4,2
2440,1,1,1,1
2441,2,2,3,2
2443,1,1,1,1
2444,3,3,2,3
2445,3,4,4,3
2446,2,2,3,1
2447,1,2,2,1
2448,1,1,1,1
2449,1,1,1,1
2450,3,2,2,3
2452,2,2,1,2
2453,2,2,2,3
2454,3,3,3,4
2455,1,2,1,2
2456,2,2,3,2
2460,1,1,1,1
2462,1,1,2,1
2463,2,2,3,1
2464,2,2,2,3
2465,1,2,2,1
2466,1,1,1,1
2469,1,1,2,1
2470,1,1,1,1
2471,1,1,2,1
2472,1,2,2,1
2473,1,1,1,2
2474,1,1,1,2
2475,1,1,1,2
2476,1,1,2,2
2477,3,4,3,3
2478,3,3,3,3
2479,4,4,5,5
2480,2,2,2,3
2481,4,4,3,4
2482,3,2,2,4
2483,3,3,2,3
2484,2,2,2,3
2485,1,2,1,2
2486,2,3,3,2
2487,4,4,4,4
2488,3,3,3,3
2489,3,4,4,3
2490,3,4,4,3
2500,4,3,1,4
2502,1,1,1,1
2505,1,1,1,1
2506,1,1,1,1
2508,5,5,5,4
2515,5,5,5,5
2516,4,4,5,4
2517,4,4,4,4
2518,2,2,1,3
2519,3,3,3,4
2522,4,3,1,5
2525,4,4,4,4
2526,3,4,4,3
2527,3,3,4,1
2528,1,1,1,1
2529,4,4,4,3
2530,3,3,4,2
2533,4,5,5,4
2534,4,5,5,4
2535,4,4,4,4
2536,2,2,2,2
2537,2,3,3,3
2538,3,4,4,3
2539,2,2,2,2
2540,2,2,3,2
2541,1,1,1,1
2545,2,2,2,2
2546,2,2,2,3
2548,3,3,3,3
2549,3,3,3,3
2550,2,2,3,3
2551,1,1,1,1
2555,2,1,3,2
2556,3,4,5,2
2557,4,4,5,3
2558,3,3,4,2
2559,1,1,1,1
2560,2,2,2,2
2563,3,3,3,2
2564,1,1,1,1
2565,3,3,3,3
2566,3,2,3,2
2567,4,4,5,3
2568,4,5,5,4
2569,4,5,5,3
2570,4,4,5,4
2571,4,5,5,3
2572,4,4,5,3
2573,2,2,3,1
2574,3,4,5,2
2575,3,4,4,3
2576,4,5,5,5
2577,4,4,4,3
2578,4,4,4,4
2579,3,3,4,3
2580,2,2,2,2
2581,4,4,5,4
2582,4,4,5,4
2583,3,3,4,3
2584,3,3,4,4
2585,3,3,2,4
2586,2,2,3,3
2587,2,2,2,2
2588,3,3,4,4
2590,1,2,2,1
2594,2,2,2,1
2618,5,5,5,5
2619,5,5,5,5
2620,4,4,4,4
2621,5,5,5,5
2622,3,4,4,4
2623,3,3,3,3
2625,4,5,2,5
2626,4,4,5,4
2627,4,5,4,4
2628,3,4,4,3
2629,3,3,3,3
2630,3,3,3,3
2631,2,2,3,3
2632,2,2,2,2
2633,1,1,2,2
2640,3,3,2,3
2641,1,1,1,1
2642,3,4,4,3
2643,2,3,3,1
2644,2,2,3,3
2645,1,1,2,1
2646,2,2,2,1
2647,2,3,3,2
2648,1,1,1,1
2649,3,3,4,3
2650,3,3,3,3
2651,2,3,2,2
2652,3,3,4,3
2653,2,2,3,1
2655,3,3,4,3
2656,2,2,3,3
2658,2,2,2,3
2659,2,2,3,2
2660,2,2,2,2
2661,5,5,5,4
2663,1,1,2,1
2665,3,2,3,3
2666,2,2,3,2
2668,1,1,2,2
2669,3,3,4,3
2671,2,3,3,2
2672,1,1,1,2
2675,2,2,2,2
2680,2,2,2,1
2681,2,3,3,1
2700,1,1,1,1
2701,3,3,4,3
2702,2,2,2,1
2703,1,2,1,1
2705,2,2,2,1
2706,1,1,1,1
2707,3,3,3,3
2710,2,2,2,2
2711,2,2,2,2
2712,2,2,2,2
2713,2,2,2,2
2714,2,2,2,2
2715,1,1,2,1
2716,2,2,2,3
2717,1,1,1,1
2720,2,2,2,1
2721,3,3,5,4
2722,2,2,2,1
2725,1,1,3,2
2726,3,4,5,3
2727,4,4,5,3
2729,2,2,4,2
2730,1,1,1,1
2731,3,4,4,3
2732,2,2,2,3
2733,2,2,2,2
2734,4,5,5,4
2735,2,2,3,2
2736,3,3,3,3
2737,2,2,3,2
2738,4,4,4,4
2739,3,3,3,3
2745,4,5,5,3
2747,3,3,3,2
2748,4,4,5,3
2749,3,4,4,2
2750,3,3,3,3
2752,4,4,5,2
2753,3,4,4,3
2754,3,4,4,3
2755,3,3,2,4
2756,4,4,5,3
2757,4,4,5,4
2758,5,5,5,4
2759,4,4,5,2
2760,2,2,2,1
2761,3,4,4,2
2762,4,4,5,4
2763,4,4,5,4
2765,3,4,4,2
2766,3,3,4,2
2767,3,2,3,3
2768,5,5,5,4
2769,5,5,5,5
2770,1,1,1,1
2773,5,5,5,5
2774,4,5,5,4
2775,3,3,4,3
2776,4,5,5,4
2777,4,5,5,4
2778,4,4,5,4
2779,4,4,4,4
2780,3,3,2,4
2782,4,4,4,4
2783,3,4,3,4
2784,4,4,4,4
2785,3,3,3,4
2786,3,3,2,4
2787,2,2,3,1
2790,1,1,1,1
2791,3,3,4,2
2792,3,3,4,3
2793,1,1,3,1
2794,1,1,2,1
2795,3,3,3,3
2797,2,2,3,1
2798,4,5,5,4
2799,2,2,2,1
2800,3,3,3,3
2803,3,3,4,3
2804,2,2,3,3
2805,1,1,3,1
2806,2,2,3,2
2807,1,1,1,1
2808,1,2,3,2
2809,3,3,4,4
2810,2,2,3,3
2817,4,3,5,4
2818,3,4,4,3
2820,1,1,1,1
2821,2,2,2,2
2822,3,3,4,3
2823,2,2,2,3
2824,1,1,1,2
2825,2,2,2,2
2826,4,5,5,4
2827,1,1,1,1
2828,1,1,1,2
2829,1,1,1,1
2830,3,3,3,2
2831,3,3,4,3
2832,1,1,1,2
2833,1,1,1,2
2834,1,1,1,1
2835,2,2,2,1
2836,1,1,1,2
2838,1,1,1,1
2839,1,1,1,2
2840,2,1,1,3
2842,1,1,2,2
2843,2,2,2,2
2844,2,1,2,2
2845,1,1,2,1
2846,2,2,2,3
2847,1,1,2,1
2848,1,1,1,1
2849,2,2,2,3
2850,2,3,3,2
2852,1,2,2,1
2864,4,4,5,4
2865,2,2,3,1
2866,3,3,4,3
2867,2,2,4,3
2868,1,1,2,2
2869,1,1,1,2
2870,2,2,2,2
2871,2,2,2,2
2873,3,3,3,4
2874,3,3,4,4
2875,2,2,3,3
2876,3,3,4,4
2877,1,1,1,1
2878,2,2,2,2
2879,1,1,1,1
2880,1,1,1,1
2898,4,4,4,4
3000,4,2,1,5
3002,5,5,2,5
3003,5,4,1,5
3004,5,5,1,5
3005,5,5,1,5
3006,5,5,1,5
3008,5,4,1,5
3011,4,2,1,4
3012,4,2,1,4
3013,5,5,3,5
3015,5,5,4,5
3016,5,5,4,5
3018,4,4,2,4
3019,1,1,1,1
3020,1,1,1,1
3021,1,1,1,1
3022,1,1,1,1
3023,3,2,3,2
3024,2,2,3,2
3025,2,1,1,2
3026,1,1,1,1
3027,5,5,5,5
3028,2,2,2,2
3029,3,3,3,2
3030,4,3,3,3
3031,4,2,1,5
3032,4,4,2,5
3033,4,4,4,3
3034,3,3,3,3
3036,5,5,5,4
3037,3,3,4,2
3038,4,3,4,2
3039,5,5,3,5
3040,5,5,3,5
3041,5,5,4,5
3042,4,4,3,3
3043,2,2,2,2
3044,4,4,2,4
3045,5,5,5,4
3046,2,2,1,3
3047,1,1,1,1
3048,1,1,1,1
3049,3,3,3,2
3050,5,5,1,5
3051,4,2,1,5
3052,5,4,1,5
3053,3,1,1,5
3054,5,5,1,5
3055,4,4,1,5
3056,5,4,1,5
3057,5,5,1,5
3058,4,3,2,4
3059,4,4,5,3
3060,1,1,1,1
3061,1,1,1,1
3063,5,5,5,4
3064,2,1,3,1
3065,4,1,1,5
3066,3,1,1,5
3067,5,5,1,5
3068,5,5,2,5
3070,5,5,2,5
3071,5,4,1,5
3072,4,2,1,4
3073,2,1,1,3
3074,1,1,1,1
3075,1,1,1,1
3076,2,2,2,2
3078,5,5,3,5
3079,5,5,4,5
3081,1,1,1,3
3082,3,3,3,2
3083,4,3,2,4
3084,5,5,4,5
3085,5,5,4,5
3087,4,4,3,4
3088,5,5,4,4
3089,5,5,5,4
3090,5,5,5,4
3091,5,5,5,4
3093,5,5,5,5
3094,5,5,4,5
3095,5,5,5,5
3096,5,5,5,4
3097,5,5,5,5
3099,5,5,5,4
3101,5,5,5,5
3102,5,5,5,5
3103,5,5,4,5
3104,5,5,5,5
3105,4,4,4,4
3106,5,5,5,5
3107,5,5,4,5
3108,4,4,3,5
3109,5,4,4,5
3111,5,5,5,5
3113,5,5,5,5
3114,5,5,5,5
3115,5,5,5,4
3116,4,4,5,3
3121,5,4,1,5
3122,5,5,2,5
3123,5,5,3,5
3124,5,5,5,5
3125,4,3,1,5
3126,5,5,5,5
3127,5,5,5,5
3128,4,3,1,5
3129,5,4,3,5
3130,5,4,4,5
3131,4,4,3,4
3132,5,5,3,5
3133,5,5,5,4
3134,4,4,4,4
3135,4,4,3,4
3136,4,4,3,4
3137,3,4,4,3
3138,4,4,4,3
3139,3,4,5,2
3140,3,4,4,3
3141,5,5,1,5
3142,5,5,4,5
3143,5,5,2,5
3144,5,5,5,5
3145,5,5,4,5
3146,5,5,5,5
3147,5,4,3,5
3148,4,3,2,5
3149,5,5,4,5
3150,5,5,4,5
3151,4,3,3,4
3152,4,4,4,4
3153,3,3,2,3
3154,4,4,5,3
3155,3,3,2,3
3156,4,4,4,3
3158,4,5,5,4
3159,5,5,5,4
3160,4,5,5,4
3161,5,5,4,5
3162,5,5,4,5
3163,5,5,2,5
3165,5,5,4,5
3166,4,4,2,4
3167,4,3,3,4
3168,4,2,1,5
3169,2,2,1,2
3170,4,4,4,4
3171,1,1,1,1
3172,2,1,2,1
3173,3,2,4,2
3174,1,1,1,1
3175,1,1,1,1
3177,1,1,1,1
3178,5,5,5,4
3179,4,4,4,3
3180,4,4,4,3
3181,5,5,1,5
3182,5,5,1,5
3183,5,5,1,5
3184,5,5,2,5
3185,5,5,3,5
3186,5,5,5,5
3187,5,5,5,5
3188,5,5,4,5
3189,4,4,3,4
3190,5,4,3,5
3191,5,5,5,5
3192,4,4,3,4
3193,5,5,5,5
3194,5,5,3,5
3195,5,5,5,5
3196,4,4,3,4
3197,4,4,4,4
3198,2,2,2,3
3199,3,3,2,3
3200,1,1,1,1
3201,2,2,2,1
3202,5,4,5,4
3204,5,5,4,5
3205,5,3,1,5
3206,5,5,4,5
3207,5,5,3,5
3211,4,4,5,2
3212,3,3,4,2
3213,4,4,5,2
3214,1,1,1,1
3215,2,2,1,2
3216,4,4,3,4
3217,5,5,5,4
3218,3,3,1,4
3219,1,1,1,1
3220,5,4,3,5
3221,5,5,5,5
3222,3,3,3,3
3223,2,2,2,2
3224,3,3,3,2
3225,5,5,3,5
3226,4,4,4,4
3227,5,5,5,5
3228,5,5,5,5
3230,4,5,3,5
3231,5,5,4,5
3232,4,4,3,4
3233,2,3,2,3
3234,4,5,4,4
3235,5,5,4,5
3236,2,2,2,4
3237,2,2,2,3
3238,2,2,3,4
3239,2,2,2,3
3240,5,5,5,4
3241,2,2,2,2
3242,4,4,4,4
3243,4,4,5,5
3249,3,3,4,3
3250,1,1,1,1
3251,1,1,3,1
3254,1,1,2,1
3260,2,2,2,2
3264,1,1,1,1
3265,4,3,4,3
3266,2,2,3,1
3267,3,2,4,3
3268,3,3,4,3
3269,4,4,4,4
3270,4,3,3,4
3271,4,3,4,5
3272,1,1,1,2
3273,4,3,5,5
3274,4,3,5,5
3275,3,4,5,2
3276,3,2,4,3
3277,3,4,4,2
3278,3,4,5,2
3279,3,3,5,3
3280,2,2,1,2
3281,4,5,5,4
3282,2,3,3,2
3283,4,4,5,3
3284,3,3,3,4
3285,4,4,4,3
3286,2,2,2,3
3287,3,3,5,3
3289,3,3,3,3
3292,3,3,3,3
3293,2,2,3,4
3294,4,4,3,5
3300,2,2,1,2
3301,4,4,5,4
3302,3,3,3,3
3303,2,2,3,2
3304,1,1,2,1
3305,1,1,1,1
3309,2,1,3,4
3310,1,1,2,1
3311,1,1,1,1
3312,3,3,4,3
3314,4,4,4,5
3315,2,2,2,2
3317,3,2,3,4
3318,2,2,2,3
3319,2,2,3,2
3321,4,5,5,4
3322,2,2,3,2
3323,4,3,3,5
3324,1,1,2,2
3325,1,1,2,3
3328,4,4,5,3
3329,3,3,4,4
3330,2,2,2,1
3331,4,4,5,3
3332,3,3,4,2
3333,2,2,2,2
3334,2,2,2,2
3335,4,3,4,2
3337,1,1,2,1
3338,1,1,2,1
3340,3,3,3,2
3341,4,4,5,2
3342,3,2,3,3
3345,3,4,4,3
3350,3,3,2,4
3351,3,3,4,2
3352,3,4,4,3
3355,1,1,1,1
3356,1,1,1,1
3357,4,5,4,5
3360,1,1,1,1
3361,1,1,2,2
3363,2,2,2,2
3364,4,4,4,4
3370,1,1,1,2
3371,1,1,1,1
3373,1,1,2,2
3374,3,3,4,3
3375,3,3,4,4
3377,1,1,1,1
3378,4,4,5,5
3379,2,2,3,4
3380,1,1,1,1
3381,3,3,3,4
3384,2,2,3,2
3385,3,3,3,3
3387,3,3,4,4
3388,2,2,2,3
3390,1,1,1,2
3391,3,3,3,4
3392,1,1,2,3
3393,1,1,1,1
3395,2,2,2,3
3396,1,1,2,2
3400,1,1,1,2
3401,4,4,5,3
3407,4,3,4,4
3409,3,3,3,4
3412,1,1,2,2
3413,4,4,5,4
3414,1,1,1,2
3415,4,4,5,4
3418,2,2,2,2
3419,2,3,2,3
3420,4,4,3,4
3423,1,1,1,1
3424,2,2,2,3
3427,3,3,3,2
3428,4,4,5,2
3429,3,4,4,2
3430,4,4,5,2
3431,5,5,5,4
3432,4,4,5,2
3433,4,5,5,3
3434,4,4,5,3
3435,4,4,4,3
3437,5,5,5,4
3438,5,5,5,5
3440,5,5,5,5
3441,5,5,5,5
3442,5,5,5,5
3444,3,3,3,4
3446,3,4,4,3
3447,3,3,4,4
3448,3,3,4,3
3450,2,2,1,4
3451,3,3,3,3
3453,4,4,4,4
3458,4,4,3,4
3460,2,2,1,4
3461,3,3,3,4
3462,2,2,2,3
3463,2,2,2,3
3464,1,2,2,1
3465,1,1,1,1
3467,1,1,1,1
3468,1,1,2,2
3469,2,2,2,4
3472,1,1,1,1
3475,1,1,1,2
3477,2,2,3,3
3478,1,1,1,1
3480,2,2,1,2
3482,3,3,2,4
3483,2,3,2,3
3485,2,1,2,2
3487,2,2,2,3
3488,2,2,2,3
3489,2,2,3,4
3490,1,2,1,2
3491,3,2,3,4
3494,1,1,1,1
3496,1,1,1,1
3498,2,3,3,1
3500,1,1,1,1
3501,4,4,5,3
3505,1,1,2,1
3506,4,5,5,5
3507,4,3,4,4
3509,3,3,3,3
3512,3,3,3,3
3515,3,4,4,2
3516,2,2,3,2
3517,1,1,1,1
3518,1,1,1,1
3520,1,1,1,1
3521,2,3,4,1
3522,3,3,4,3
3523,1,1,1,1
3525,1,1,1,2
3527,1,1,1,2
3529,3,3,3,4
3530,3,3,3,4
3531,3,3,2,4
3533,1,1,1,1
3537,2,2,2,3
3540,1,1,1,1
3542,3,4,4,4
3544,2,2,2,4
3546,2,2,2,4
3549,1,1,1,1
3550,2,2,1,3
3551,4,4,5,3
3555,1,1,1,1
3556,1,1,1,1
3557,3,3,4,2
3558,1,1,1,2
3559,3,3,4,3
3561,1,2,2,1
3562,3,4,5,1
3563,1,1,2,1
3564,2,2,2,1
3565,4,4,4,3
3566,1,1,2,1
3567,1,1,2,1
3568,2,2,2,2
3570,2,2,4,2
3571,3,3,3,4
3572,3,3,4,4
3573,2,2,3,4
3575,1,1,1,2
3576,4,3,4,5
3579,1,1,1,1
3580,1,1,1,1
3581,3,4,4,3
3583,2,2,3,2
3584,2,2,2,2
3585,1,1,1,1
3586,3,4,5,2
3588,1,1,2,1
3589,3,3,4,3
3590,3,4,4,2
3591,4,4,4,4
3594,1,1,1,1
3595,1,1,1,1
3596,1,1,2,1
3597,2,2,2,2
3599,2,2,1,2
3607,4,4,4,4
3608,2,2,2,2
3610,2,2,2,2
3612,1,1,1,1
3614,4,4,4,3
3616,2,2,2,2
3617,3,3,4,3
3618,1,1,2,1
3620,1,2,2,1
3621,1,1,2,1
3622,2,3,4,2
3623,1,1,2,1
3624,1,1,2,1
3629,1,1,1,1
3630,1,1,1,1
3631,4,4,5,3
3633,3,3,4,2
3634,3,4,4,3
3635,2,2,3,1
3636,1,1,1,1
3637,3,3,4,2
3638,1,2,2,1
3639,1,1,2,1
3640,3,2,4,3
3641,1,1,3,1
3644,1,1,1,1
3646,2,2,3,3
3647,5,4,5,5
3649,1,1,2,1
3658,2,2,3,1
3659,3,3,4,3
3660,1,1,1,1
3662,5,5,3,5
3663,4,4,5,4
3664,3,3,3,2
3665,3,3,4,3
3666,2,2,2,2
3669,2,2,2,4
3670,2,2,3,3
3672,1,1,1,1
3673,3,3,4,4
3675,3,3,4,3
3677,1,1,1,2
3678,4,4,5,4
3682,3,3,4,3
3683,2,2,3,1
3685,2,2,2,2
3687,1,2,2,1
3688,3,4,4,2
3690,1,1,1,1
3691,4,5,5,4
3694,4,5,4,4
3695,4,4,5,3
3697,3,4,3,4
3698,4,5,3,5
3699,1,1,1,2
3700,2,2,2,2
3701,3,3,3,3
3704,3,3,4,3
3705,3,3,4,3
3707,1,1,1,2
3708,3,3,4,3
3709,3,2,3,4
3711,2,3,3,2
3712,2,2,2,2
3713,1,1,1,1
3714,2,2,2,2
3715,3,3,4,4
3717,2,2,2,3
3718,4,4,4,4
3719,3,3,4,4
3720,2,2,3,2
3722,3,3,3,3
3723,3,3,3,3
3725,3,3,3,4
3726,3,3,3,4
3727,3,3,3,3
3728,1,1,1,1
3730,1,2,2,1
3732,2,2,3,3
3733,3,3,3,3
3735,3,3,4,4
3737,1,1,2,1
3738,2,2,2,3
3739,2,2,2,3
3740,3,3,3,3
3741,3,3,2,4
3744,3,3,3,3
3746,2,3,3,3
3747,4,3,3,4
3749,4,4,4,4
3750,4,3,5,3
3751,2,2,3,1
3752,4,4,4,3
3753,4,4,5,3
3754,4,4,5,3
3755,4,4,4,3
3756,3,3,4,1
3757,3,4,4,3
3758,4,4,5,2
3759,5,5,5,4
3760,5,5,5,4
3761,5,5,5,4
3762,5,5,5,3
3763,3,3,4,3
3764,3,3,3,2
3765,4,4,5,3
3766,5,5,5,5
3767,5,5,5,5
3770,4,4,5,3
3775,4,5,5,3
3777,3,3,3,3
3778,2,3,4,2
3779,2,3,3,2
3781,3,4,4,2
3782,4,5,5,4
3783,4,4,5,3
3785,5,5,5,5
3786,5,5,5,5
3787,5,5,5,5
3788,5,5,5,5
3789,5,5,5,5
3791,5,5,5,5
3792,5,5,5,5
3793,4,4,4,3
3795,4,5,5,4
3796,4,4,5,3
3797,2,2,3,1
3799,1,1,1,1
3802,3,3,3,3
3803,1,1,2,1
3804,5,5,5,4
3805,3,3,4,2
3806,4,4,5,4
3807,5,5,5,3
3808,5,5,5,4
3809,4,5,5,4
3810,2,2,3,1
3812,4,4,5,2
3813,4,4,5,2
3814,3,4,5,2
3815,3,4,5,2
3816,2,2,3,1
3818,2,2,3,2
3820,2,2,2,3
3821,4,4,5,4
3822,3,4,5,3
3823,3,3,3,2
3824,2,3,3,2
3825,1,1,1,1
3831,3,3,4,3
3832,3,3,3,4
3833,2,2,2,2
3835,2,2,2,3
3840,1,1,1,1
3842,1,1,1,1
3844,2,2,2,2
3847,2,2,3,1
3850,2,2,1,2
3851,2,2,3,2
3852,5,4,2,5
3854,3,4,5,2
3856,2,3,4,1
3857,3,3,4,2
3858,1,1,2,1
3859,3,3,4,2
3860,2,2,2,2
3862,2,3,3,2
3864,2,2,4,3
3865,2,2,3,1
3869,3,3,3,2
3870,2,3,3,2
3871,3,3,3,3
3873,3,3,4,2
3874,1,1,2,1
3875,1,2,2,1
3878,2,2,3,2
3880,2,2,2,2
3882,2,2,3,1
3885,1,2,2,2
3886,2,2,2,1
3887,1,1,1,1
3888,1,1,1,1
3889,1,1,1,2
3890,1,1,1,1
3891,4,3,2,4
3892,1,1,1,2
3893,2,2,2,4
3895,2,2,2,4
3896,2,2,2,3
3898,2,2,2,3
3900,2,2,2,3
3902,1,1,3,1
3903,2,2,2,2
3904,3,3,2,3
3909,1,1,1,1
3910,4,4,4,2
3911,3,4,5,2
3912,3,4,4,2
3913,4,4,5,3
3915,1,1,1,1
3916,5,5,5,5
3918,3,4,4,2
3919,1,2,2,1
3920,5,5,3,5
3921,2,1,1,5
3922,2,2,2,2
3923,2,3,3,2
3925,3,3,2,4
3926,5,5,5,5
3927,5,5,4,5
3928,5,5,5,5
3929,5,5,5,5
3930,5,5,5,5
3931,3,3,3,3
3933,5,5,5,4
3934,5,5,5,4
3936,3,3,3,3
3937,5,5,5,5
3938,3,4,3,3
3939,1,2,2,2
3940,1,1,1,1
3941,2,2,2,3
3942,4,4,3,4
3943,5,4,4,5
3944,5,5,5,5
3945,3,4,4,3
3946,3,4,4,4
3950,1,1,1,1
3951,4,4,4,4
3953,2,2,3,2
3954,4,5,5,4
3956,2,2,2,3
3957,4,4,4,4
3958,4,4,5,4
3959,4,4,3,4
3960,2,2,2,3
3962,1,1,2,1
3964,2,3,3,1
3965,1,1,1,1
3966,2,1,2,2
3967,2,2,2,2
3971,1,1,1,1
3975,4,4,5,3
3976,1,1,2,1
3977,3,3,4,2
3978,4,4,5,4
3979,4,4,5,4
3980,3,3,4,1
3981,2,3,4,1
3984,1,1,2,1
3987,2,3,4,1
3988,2,2,4,2
3990,2,2,3,1
3991,1,1,3,1
3992,2,2,2,2
3995,1,1,1,1
3996,3,3,2,4
4000,5,4,1,5
4005,5,5,2,5
4006,5,5,1,5
4007,5,5,4,5
4008,2,2,2,1
4010,5,5,2,5
4011,5,5,4,5
4012,5,5,3,5
4013,5,4,3,5
4014,5,5,4,5
4017,4,4,4,4
4018,4,4,3,4
4019,2,2,1,3
4020,3,3,2,4
4021,1,2,1,1
4022,2,2,2,2
4025,4,4,4,4
4029,5,4,1,5
4030,5,5,3,5
4031,5,5,4,5
4032,4,4,2,5
4034,4,4,3,4
4035,5,5,5,5
4036,4,4,4,3
4037,5,5,5,5
4051,5,5,4,5
4053,5,5,4,5
4054,4,4,4,5
4055,5,5,5,5
4059,5,5,1,5
4060,5,5,5,5
4061,5,5,5,5
4064,5,5,4,5
4065,5,5,5,5
4066,5,5,2,5
4067,5,5,1,5
4068,5,5,3,5
4069,5,5,5,5
4070,5,5,5,5
4073,5,5,5,5
4074,5,5,5,5
4075,5,5,5,5
4076,2,2,1,3
4077,1,1,1,1
4078,4,3,4,4
4101,5,5,1,5
4102,5,4,1,5
4103,5,5,1,5
4104,5,5,3,5
4105,5,5,3,5
4106,2,2,1,3
4107,5,4,3,5
4108,3,2,1,4
4109,4,3,3,4
4110,2,1,2,2
4111,5,5,3,5
4112,5,4,5,5
4113,5,4,3,5
4114,1,1,1,1
4115,5,5,5,4
4116,5,5,5,5
4117,4,4,5,3
4118,3,3,4,2
4119,5,4,5,5
4120,5,5,2,5
4121,5,5,5,5
4122,5,4,3,5
4123,5,5,5,5
4124,3,3,5,2
4125,3,3,5,2
4127,3,3,3,3
4128,5,5,5,4
4129,3,4,4,2
4130,5,5,5,4
4131,1,1,1,1
4132,1,1,1,1
4133,2,2,3,2
4151,5,5,4,5
4152,5,5,5,5
4153,5,5,5,5
4154,5,5,5,5
4155,5,5,5,5
4156,5,5,5,5
4157,4,4,4,3
4158,3,3,3,4
4159,5,5,5,4
4160,5,5,5,5
4161,3,4,4,3
4163,4,4,3,4
4164,5,5,5,4
4165,5,5,5,4
4169,5,5,1,5
4170,5,5,4,5
4171,5,5,5,5
4172,5,5,5,5
4173,4,5,4,4
4174,4,4,4,3
4178,4,4,3,4
4179,5,5,5,5
4183,2,2,1,3
4184,1,1,1,1
4205,1,1,1,1
4207,2,2,2,2
4208,4,5,5,4
4209,4,4,4,3
4210,5,5,5,4
4211,4,4,4,4
4212,5,5,5,4
4213,5,5,5,4
4214,4,4,4,4
4215,2,2,1,4
4216,4,3,3,4
4217,4,4,2,5
4218,5,4,3,5
4220,4,4,4,4
4221,4,4,3,4
4223,4,4,4,4
4224,4,4,2,4
4225,3,3,1,4
4226,5,5,4,5
4227,4,4,4,5
4228,5,5,5,5
4230,4,4,1,5
4270,4,5,5,4
4271,4,4,4,5
4272,5,5,5,5
4275,4,4,5,4
4280,4,4,5,2
4285,2,2,4,2
4287,2,1,3,3
4300,4,3,4,3
4301,2,1,2,1
4303,1,1,1,1
4304,1,1,1,1
4305,2,2,2,2
4306,4,4,5,4
4307,3,3,5,3
4309,3,3,4,2
4310,3,3,3,2
4311,1,1,2,1
4312,1,1,2,2
4313,1,1,2,1
4340,2,2,3,2
4341,2,2,3,1
4342,1,2,3,1
4343,2,1,2,2
4344,3,3,3,3
4346,3,3,3,2
4347,2,2,3,2
4350,3,3,2,3
4352,5,5,5,4
4353,3,3,4,4
4354,2,2,2,2
4355,1,1,2,2
4356,3,3,4,2
4357,1,2,2,1
4358,4,4,5,3
4359,4,4,4,4
4360,4,4,5,3
4361,2,2,3,3
4362,2,2,3,3
4363,3,4,5,3
4364,4,4,4,4
4365,1,1,2,1
4370,1,2,2,2
4371,3,3,4,3
4372,2,3,5,1
4373,1,1,2,1
4374,3,3,4,3
4375,2,1,2,3
4376,1,1,1,2
4377,2,2,3,1
4378,2,2,4,3
4380,2,2,2,2
4381,2,2,2,2
4382,4,3,4,4
4383,1,1,1,1
4384,3,3,4,4
4385,1,1,1,2
4387,1,1,2,1
4388,1,1,1,1
4390,3,3,3,3
4400,2,3,4,1
4401,1,1,2,1
4402,1,1,2,1
4403,4,3,4,4
4404,4,4,5,4
4405,2,3,2,2
4406,4,3,5,4
4407,2,2,3,2
4408,2,2,3,3
4410,1,1,2,2
4411,2,2,3,2
4412,4,4,5,4
4413,2,2,2,2
4415,2,2,1,2
4416,4,4,5,4
4417,2,2,3,3
4418,4,4,5,4
4419,4,3,4,4
4420,3,3,4,2
4421,1,1,1,1
4422,4,4,4,4
4423,4,4,5,5
4424,4,4,4,4
4425,3,3,4,4
4426,3,3,5,3
4427,2,2,3,2
4428,3,3,4,3
4454,3,3,4,3
4455,4,4,3,3
4461,5,5,5,5
4462,3,2,2,5
4465,2,2,3,3
4467,5,4,5,5
4468,2,2,3,3
4470,2,2,2,3
4472,2,2,2,3
4474,4,4,5,4
4477,2,2,3,2
4478,2,2,3,3
4479,5,5,5,4
4480,2,2,2,3
4481,3,3,3,2
4482,3,3,1,3
4486,3,2,2,3
4487,3,3,2,3
4488,3,3,3,4
4489,5,5,5,5
4490,1,1,1,3
4491,2,2,2,5
4492,3,3,3,2
4493,3,3,3,4
4494,5,5,4,5
4496,3,3,4,4
4497,4,4,5,4
4498,4,4,5,4
4500,4,4,5,4
4501,2,2,1,2
4502,4,4,4,4
4503,3,3,3,3
4504,4,5,5,4
4505,3,4,5,2
4506,2,2,3,1
4507,2,2,2,2
4508,1,1,1,1
4509,5,5,5,4
4510,1,1,1,1
4511,2,2,4,2
4512,4,5,5,3
4514,3,3,4,2
4515,2,2,3,1
4516,4,4,5,2
4517,3,3,4,3
4518,4,4,5,3
4519,3,3,4,3
4520,5,5,5,5
4521,5,5,5,5
4550,3,3,3,3
4551,3,3,3,3
4552,4,4,4,5
4553,4,5,5,4
4554,5,5,5,4
4555,4,5,5,4
4556,5,5,5,4
4557,4,4,3,4
4558,3,3,1,4
4559,4,4,5,4
4560,3,3,3,3
4561,4,4,5,4
4562,5,5,5,5
4563,3,3,4,4
4564,4,4,3,4
4565,3,3,3,3
4566,4,4,4,5
4567,5,5,4,5
4568,3,3,4,4
4569,3,3,3,4
4570,1,1,2,1
4571,3,2,3,4
4572,5,5,2,5
4573,4,5,4,5
4574,2,2,2,3
4575,4,4,4,4
4580,1,1,1,1
4581,2,2,1,3
4600,1,1,1,2
4601,1,1,2,2
4605,1,1,1,1
4606,1,1,1,1
4608,2,2,3,2
4610,2,2,2,2
4611,2,2,4,3
4612,2,2,3,3
4613,1,1,1,2
4614,1,1,1,1
4615,1,1,1,1
4620,2,1,3,3
4621,1,1,1,1
4625,1,1,2,2
4626,2,1,2,1
4627,1,1,1,2
4630,2,2,2,3
4650,1,1,1,1
4655,1,1,2,2
4659,1,1,1,1
4660,1,1,2,1
4662,1,1,1,1
4670,1,2,2,2
4671,1,1,1,1
4673,1,1,2,1
4674,1,1,1,1
4676,1,1,1,1
4677,2,2,2,2
4678,2,2,3,1
4680,3,3,3,2
4694,1,1,1,1
4695,1,1,3,1
4697,1,1,2,1
4699,2,2,4,2
4700,2,2,1,3
4701,2,2,2,2
4702,2,3,3,2
4703,3,3,4,3
4704,3,3,5,2
4705,4,3,4,3
4706,3,3,4,3
4707,1,1,1,1
4709,5,5,4,4
4710,2,2,2,2
4711,5,5,5,3
4712,2,2,2,2
4713,1,1,1,1
4714,1,1,1,1
4715,3,4,4,2
4716,3,3,5,2
4717,3,3,2,1
4718,3,3,3,2
4719,3,3,3,3
4720,4,4,4,3
4721,3,4,4,3
4722,4,4,5,3
4723,4,4,4,3
4724,4,4,4,3
4725,3,4,3,4
4726,1,1,1,1
4727,4,4,4,5
4728,3,3,3,4
4730,3,3,2,4
4731,2,2,2,3
4732,4,3,4,4
4733,5,5,5,5
4735,2,2,1,2
4736,3,3,3,2
4737,2,2,3,1
4738,2,2,4,1
4739,1,2,3,1
4740,3,3,3,2
4741,3,3,4,2
4742,2,3,3,1
4743,4,5,3,3
4744,4,5,3,3
4745,3,3,2,1
4746,4,4,3,2
4750,3,3,4,3
4751,4,4,5,2
4753,4,4,5,2
4754,3,3,4,2
4756,1,1,2,1
4757,1,1,2,1
4798,1,2,3,1
4799,1,1,2,1
4800,3,3,4,2
4802,3,4,2,3
4804,1,1,1,1
4805,1,1,1,1
4806,2,2,2,1
4807,2,2,2,2
4808,3,4,4,2
4809,2,2,3,2
4810,4,3,1,5
4811,4,4,3,3
4812,2,2,1,4
4814,3,3,2,4
4815,2,2,2,1
4816,1,1,1,1
4817,3,4,4,3
4818,4,4,4,3
4819,2,2,1,4
4820,1,1,1,2
4821,2,2,2,2
4822,3,3,2,3
4823,3,3,3,3
4824,3,3,2,2
4825,3,3,2,2
4828,1,1,1,1
4829,1,1,1,1
4830,1,1,1,1
4849,1,1,1,1
4850,2,2,2,1
4852,3,3,2,3
4854,1,2,2,1
4855,2,3,3,2
4856,1,1,2,1
4858,2,2,3,2
4859,1,1,2,1
4860,1,1,1,1
4861,1,1,1,1
4865,3,3,3,3
4868,3,3,2,3
4869,2,2,3,2
4870,3,2,1,4
4871,1,1,1,1
4872,2,2,2,2
4873,2,2,2,3
4874,3,2,1,2
4875,1,1,1,3
4876,1,1,1,1
4877,4,4,2,4
4878,4,4,3,4
4879,4,5,4,5
4880,1,1,2,1
4881,3,3,2,4
4882,3,4,4,3
4883,2,2,1,3
4884,4,4,4,5
4885,3,3,3,3
4886,2,1,2,3
4887,1,1,1,2
4888,1,1,1,1
4890,1,1,1,2
4891,2,2,1,2
4892,1,1,1,1
4895,1,1,1,1
5000,5,3,1,5
5006,5,5,2,5
5007,4,3,1,5
5008,2,1,1,3
5009,3,3,2,3
5010,1,1,1,1
5011,4,3,2,4
5012,1,1,1,1
5013,1,1,1,1
5014,2,2,1,2
5015,2,2,1,3
5016,3,3,3,3
5017,1,1,1,1
5018,4,4,4,3
5019,3,3,1,4
5020,5,5,4,5
5021,5,4,4,4
5022,5,5,4,5
5023,2,1,1,2
5024,4,4,4,4
5025,4,4,3,3
5031,4,3,1,5
5032,4,4,2,4
5033,3,2,1,4
5034,5,5,4,5
5035,4,4,1,5
5037,4,3,1,4
5038,3,3,1,4
5039,4,3,1,4
5040,4,4,3,4
5041,5,5,4,5
5042,3,3,1,4
5043,2,2,1,4
5044,5,5,4,5
5045,5,4,3,5
5046,3,3,1,4
5047,3,2,1,4
5048,4,4,3,5
5049,5,5,4,5
5050,5,5,5,5
5051,5,5,5,5
5052,5,5,5,5
5061,5,5,5,5
5062,5,5,5,5
5063,5,5,3,5
5064,5,5,5,5
5065,5,5,4,5
5066,5,5,5,5
5067,5,4,2,5
5068,5,4,3,5
5069,5,5,4,5
5070,4,4,2,5
5072,5,4,3,5
5073,4,4,3,5
5074,3,3,2,3
5075,4,4,3,4
5076,5,5,5,5
5081,5,5,4,5
5082,5,4,3,5
5083,4,4,2,5
5084,1,1,1,1
5085,3,2,1,4
5086,3,3,1,4
5087,4,3,1,4
5088,2,2,1,2
5089,5,5,5,4
5090,3,4,3,3
5091,4,5,4,4
5092,3,4,3,3
5093,2,3,2,2
5094,1,1,1,1
5095,4,3,2,4
5096,2,2,3,2
5097,4,4,3,3
5098,2,2,2,2
5106,1,1,1,1
5107,1,1,2,1
5108,1,1,1,1
5109,1,1,2,1
5110,1,1,2,1
5112,1,1,1,1
5113,1,1,1,1
5114,1,1,2,1
5115,1,1,1,1
5116,2,2,2,2
5117,4,5,5,2
5118,3,3,3,3
5120,3,2,4,2
5121,2,2,4,2
5125,4,4,4,4
5126,4,4,4,3
5127,4,4,4,4
5131,5,5,5,5
5132,5,5,5,5
5133,5,5,5,5
5134,5,5,5,5
5136,5,5,5,5
5137,5,5,5,5
5138,5,5,5,5
5139,5,5,5,5
5140,5,5,5,5
5141,5,5,5,5
5142,5,5,5,5
5144,5,5,5,5
5150,5,5,5,5
5151,5,5,5,5
5152,5,5,5,5
5153,5,5,5,5
5154,5,5,5,5
5155,5,5,5,5
5156,5,5,5,5
5157,5,5,5,5
5158,4,5,5,4
5159,5,5,5,4
5161,3,3,3,2
5162,2,2,2,2
5163,1,1,1,1
5164,1,1,1,1
5165,1,1,1,2
5166,1,1,1,1
5167,3,3,3,3
5168,1,2,1,1
5169,3,3,3,2
5170,3,4,4,3
5171,4,5,5,4
5172,5,5,5,4
5173,2,2,2,2
5174,3,3,3,3
5201,4,4,5,4
5202,3,3,4,2
5203,2,2,3,3
5204,2,2,2,2
5210,3,4,5,3
5211,2,2,2,2
5212,3,3,3,3
5213,4,4,4,4
5214,2,2,2,2
5220,2,2,2,2
5221,1,1,1,3
5222,2,2,2,2
5223,2,3,3,3
5231,5,5,5,4
5232,5,5,5,5
5233,4,5,5,4
5234,5,5,5,4
5235,3,3,4,3
5236,2,2,4,3
5237,2,2,4,3
5238,1,1,1,1
5240,5,5,5,5
5241,3,4,4,2
5242,5,5,5,5
5243,5,5,5,5
5244,4,4,5,4
5245,5,5,5,5
5250,5,5,5,5
5251,4,4,3,4
5252,4,4,4,4
5253,1,1,1,1
5254,3,3,4,2
5255,3,4,4,3
5256,1,2,2,2
5259,2,2,2,2
5260,1,1,1,1
5261,4,4,5,4
5262,4,4,5,4
5263,5,5,5,4
5264,1,1,2,2
5265,2,2,3,3
5266,4,4,4,4
5267,4,4,4,3
5268,2,2,3,1
5269,3,3,3,4
5270,4,5,5,4
5271,2,2,3,1
5272,4,4,4,4
5273,5,5,5,5
5275,2,3,3,2
5276,3,4,3,3
5277,2,2,2,1
5278,1,1,2,2
5279,1,1,2,1
5280,1,1,2,1
5290,1,1,1,1
5291,4,4,5,2
5301,3,3,4,4
5302,3,4,3,3
5303,4,4,5,4
5304,2,2,3,2
5306,3,3,4,4
5307,2,2,2,3
5308,3,2,4,4
5309,3,3,4,4
5310,3,3,4,4
5311,3,3,4,3
5320,1,1,1,1
5321,1,1,2,1
5322,2,3,3,2
5330,1,1,1,1
5331,2,2,3,1
5332,1,1,2,1
5333,2,2,2,2
5340,3,3,3,2
5341,1,1,1,1
5342,3,3,4,2
5343,1,1,1,1
5344,2,2,3,1
5345,1,1,1,1
5346,1,2,3,1
5350,5,5,5,4
5351,4,4,5,3
5352,4,4,4,4
5353,3,3,4,3
5354,1,1,1,1
5355,3,3,4,2
5356,2,3,4,1
5357,1,1,1,1
5360,4,5,5,3
5371,4,5,5,3
5372,3,3,4,1
5373,2,2,3,2
5374,1,1,2,1
5381,2,2,3,3
5400,4,4,5,2
5401,1,1,2,1
5410,2,2,3,2
5411,2,2,4,2
5412,2,2,2,3
5413,2,2,2,2
5414,4,4,3,3
5415,5,5,5,5
5416,3,3,4,2
5417,2,2,2,3
5418,3,2,2,4
5419,4,3,2,5
5420,1,1,2,2
5421,1,1,2,2
5422,1,1,1,1
5431,3,3,3,4
5432,4,4,4,5
5433,1,1,2,2
5434,3,3,2,4
5440,4,4,3,4
5451,4,4,4,3
5452,5,5,5,4
5453,3,4,4,3
5454,2,2,3,3
5455,5,5,5,5
5460,2,2,4,2
5461,2,2,2,1
5462,3,3,4,2
5464,3,2,3,3
5470,2,2,3,3
5471,2,2,3,3
5472,2,2,2,4
5473,1,1,1,1
5480,3,3,3,3
5481,3,3,3,4
5482,3,3,4,3
5483,4,4,4,4
5485,3,3,3,2
5490,4,4,3,5
5491,3,4,3,3
5493,2,1,2,3
5495,2,1,2,2
5501,2,3,4,1
5502,3,3,4,1
5510,3,3,4,3
5520,1,1,1,1
5521,2,2,2,3
5522,2,1,2,2
5523,3,3,3,3
5540,1,1,1,1
5550,1,1,1,1
5552,2,2,3,2
5554,1,2,2,1
5555,3,3,4,3
5556,1,1,1,1
5558,1,2,2,1
5560,1,1,2,1
5570,2,2,3,3
5571,1,1,2,1
5572,5,4,5,5
5573,2,2,2,2
5575,2,3,3,2
5576,2,2,2,2
5577,2,2,3,2
5580,4,4,4,3
5581,2,2,2,2
5582,1,2,2,2
5583,1,1,2,2
5600,3,3,2,2
5601,1,1,2,1
5602,2,3,3,2
5603,3,3,4,3
5604,1,1,2,1
5605,2,2,2,2
5606,2,2,1,1
5607,4,4,4,3
5608,1,1,1,1
5609,4,4,3,3
5630,4,4,5,3
5631,4,4,3,3
5632,5,5,5,5
5633,4,3,4,4
5640,3,3,3,3
5641,4,4,4,4
5642,5,5,5,5
5650,5,5,5,4
5651,4,4,5,4
5652,3,3,3,2
5653,3,3,3,4
5654,3,3,3,4
5655,4,4,4,4
5660,4,4,4,4
5661,4,4,4,4
5670,2,2,3,3
5671,3,4,4,3
5680,3,3,3,2
5690,2,1,1,2
5700,1,1,1,1
5710,3,3,4,1
5713,4,3,3,3
5715,4,4,4,3
5717,3,3,2,3
5719,2,2,1,2
5720,4,4,2,4
5722,1,1,1,1
5723,1,1,1,2
5724,1,1,1,1
5725,4,4,3,2
5730,3,2,2,3
5731,2,2,1,2
5732,1,1,1,1
5733,1,1,1,2
5734,1,1,1,1
6000,5,4,1,5
6003,5,4,1,5
6004,5,4,1,5
6005,5,4,1,5
6006,5,5,4,5
6007,5,5,3,5
6008,5,5,3,5
6009,5,5,4,5
6010,5,5,5,5
6011,5,5,5,5
6012,5,5,4,5
6014,5,5,5,5
6015,5,5,5,5
6016,5,5,3,5
6017,3,2,1,4
6018,5,5,4,5
6019,5,5,3,5
6020,5,5,5,5
6021,4,4,3,4
6022,4,5,4,4
6023,5,5,5,5
6024,5,5,4,4
6025,5,5,5,4
6026,5,5,5,4
6027,5,5,4,4
6028,5,5,5,4
6029,5,5,5,5
6030,3,3,4,3
6031,4,4,5,3
6032,4,4,5,4
6033,5,4,5,3
6034,4,5,5,3
6035,3,3,4,2
6036,3,3,4,3
6037,2,2,4,1
6038,4,5,5,4
6041,1,2,4,1
6042,1,1,1,2
6043,2,2,2,1
6044,1,1,2,1
6050,5,5,4,5
6051,4,3,1,5
6052,5,5,3,5
6053,4,4,3,5
6054,3,2,2,3
6055,4,4,5,4
6056,2,2,2,2
6057,3,3,4,2
6058,2,3,3,1
6059,4,4,3,4
6060,4,3,1,5
6061,1,1,1,2
6062,3,3,3,3
6063,2,2,3,1
6064,1,1,2,1
6065,4,4,5,3
6066,2,2,3,2
6067,3,3,4,2
6069,4,4,4,3
6070,5,5,5,5
6071,5,5,5,5
6072,5,5,5,4
6073,4,4,4,4
6074,4,4,5,4
6076,5,5,5,4
6077,4,4,5,3
6078,5,4,5,3
6079,5,4,5,4
6081,5,5,5,4
6082,4,4,5,3
6083,5,5,5,4
6084,4,4,5,2
6100,5,4,2,5
6101,4,3,1,5
6102,2,1,1,4
6103,3,2,1,4
6104,3,2,2,3
6105,2,2,1,2
6107,3,2,2,3
6108,3,3,3,2
6109,1,1,1,1
6110,2,2,3,1
6111,2,2,3,2
6112,3,3,3,2
6121,5,5,5,2
6122,4,4,5,2
6123,2,3,4,1
6124,4,4,5,3
6125,4,4,5,2
6126,3,3,3,3
6147,2,2,2,2
6148,5,4,3,5
6149,5,5,5,5
6150,5,5,5,5
6151,5,5,3,5
6152,5,4,2,5
6153,5,5,4,5
6154,5,5,4,5
6155,5,5,5,4
6156,5,5,4,5
6157,5,4,3,5
6158,5,5,5,5
6159,5,5,3,5
6160,5,3,1,5
6161,4,4,1,5
6162,4,3,2,5
6163,3,3,2,4
6164,5,5,5,4
6165,3,4,4,1
6166,4,4,5,3
6167,1,1,2,1
6168,1,1,1,1
6169,2,2,2,1
6170,3,3,4,3
6171,4,4,5,3
6172,2,2,4,1
6173,5,5,5,3
6174,3,3,3,2
6175,4,4,5,3
6176,4,4,5,2
6180,3,3,4,2
6181,5,5,5,3
6207,3,3,5,2
6208,1,1,3,1
6209,1,1,2,1
6210,2,2,2,1
6211,3,3,4,2
6213,2,2,3,1
6214,2,3,4,2
6215,1,1,2,1
6218,1,1,1,1
6220,1,1,2,1
6221,4,4,4,3
6223,3,4,4,3
6224,1,1,2,1
6225,1,1,1,1
6226,5,5,5,3
6227,3,4,4,2
6228,3,3,3,3
6229,2,2,2,1
6230,2,2,2,2
6232,2,3,4,1
6233,3,3,4,2
6236,4,4,5,3
6237,4,4,5,3
6239,2,3,3,2
6240,4,4,4,4
6243,3,3,4,3
6244,2,2,3,3
6251,2,2,3,3
6252,2,2,3,2
6253,3,2,2,4
6254,1,1,1,1
6255,2,2,3,2
6256,3,4,4,4
6258,1,2,2,1
6260,2,2,2,2
6262,1,1,2,3
6271,2,2,3,2
6275,2,2,2,3
6280,2,3,3,2
6281,5,5,5,4
6282,5,5,5,5
6284,4,5,5,4
6285,3,4,3,4
6286,4,5,4,4
6288,2,2,3,3
6290,1,2,2,2
6302,2,2,2,2
6304,2,2,2,2
6306,1,1,2,2
6308,1,1,2,2
6309,2,2,3,3
6311,3,3,3,3
6312,1,1,1,2
6313,3,3,4,3
6315,1,1,2,2
6316,3,3,3,4
6317,1,1,1,1
6318,2,2,2,3
6320,1,1,1,3
6321,1,1,2,2
6322,3,3,4,4
6323,1,1,2,1
6324,1,1,2,2
6326,2,2,4,3
6327,3,3,4,3
6328,3,3,3,4
6330,2,2,2,2
6333,3,3,2,4
6335,2,2,2,2
6336,3,2,3,3
6337,4,4,4,4
6338,4,4,4,5
6341,4,5,4,4
6343,5,5,5,5
6346,2,2,2,2
6348,2,2,2,3
6350,1,1,1,2
6351,4,4,4,5
6352,4,4,4,5
6353,3,4,2,4
6355,4,4,4,4
6356,5,5,4,5
6357,5,5,5,5
6358,5,5,5,5
6359,3,3,3,3
6361,5,5,5,5
6363,5,5,5,5
6365,3,3,3,4
6367,1,1,1,3
6368,5,5,5,5
6369,3,3,2,2
6370,2,2,2,2
6372,4,4,4,4
6373,5,5,5,5
6375,2,2,2,2
6383,1,1,1,2
6384,3,3,3,4
6385,3,3,3,4
6386,3,3,3,4
6390,2,2,3,1
6391,4,4,4,4
6392,2,2,1,3
6393,4,3,3,5
6394,4,4,4,4
6395,2,2,2,3
6396,3,3,3,3
6397,2,1,2,3
6398,2,2,1,3
6401,1,1,1,1
6403,2,2,2,1
6405,2,2,3,2
6407,3,3,2,2
6409,2,1,2,2
6410,1,1,1,1
6411,5,5,5,5
6412,5,5,5,5
6413,4,3,4,4
6414,4,3,4,4
6415,1,2,1,1
6418,2,1,1,3
6419,3,3,3,4
6420,5,5,5,5
6421,4,4,4,4
6422,3,4,4,3
6423,3,4,4,3
6424,4,4,4,4
6425,4,4,4,4
6426,1,1,1,1
6428,3,3,3,4
6429,1,1,1,1
6430,3,4,3,2
6431,1,1,1,1
6432,1,1,1,1
6434,1,1,1,1
6436,1,1,1,1
6437,2,4,2,1
6438,1,1,1,1
6440,1,1,1,1
6442,1,1,1,1
6443,1,1,1,1
6445,4,3,4,5
6446,5,5,5,5
6447,5,5,5,5
6448,3,3,4,2
6450,2,2,2,2
6460,1,1,1,2
6461,2,2,2,3
6462,4,4,4,5
6463,4,4,2,4
6465,4,4,4,5
6466,3,3,3,4
6467,3,3,3,4
6468,3,3,3,4
6470,4,4,5,4
6472,4,4,4,5
6473,4,5,5,4
6475,1,1,2,2
6476,3,2,2,4
6477,3,2,2,4
6479,3,3,3,3
6480,4,4,4,5
6485,1,1,1,1
6487,1,1,1,3
6488,1,1,1,3
6489,1,1,1,3
6490,1,1,1,2
6501,3,3,5,1
6502,2,2,3,2
6503,2,2,4,2
6504,3,3,4,3
6505,3,3,4,3
6506,4,5,3,4
6507,4,4,4,4
6509,4,5,3,4
6510,1,2,1,1
6511,2,2,2,1
6512,4,5,5,5
6513,4,4,4,4
6514,1,1,1,1
6515,3,3,3,4
6516,2,2,3,1
6517,2,3,2,3
6518,2,2,2,4
6519,2,2,2,3
6521,4,4,5,4
6522,3,3,3,3
6525,2,2,2,1
6528,2,2,4,1
6530,2,2,2,1
6532,4,4,5,2
6535,1,1,2,1
6536,1,2,2,1
6537,2,2,1,2
6556,3,4,5,2
6558,3,3,4,3
6560,1,1,2,1
6562,2,2,4,1
6564,1,1,3,1
6566,2,2,3,2
6567,2,3,4,3
6568,2,2,2,3
6569,2,2,2,2
6571,2,2,2,2
6572,4,5,3,4
6574,5,5,5,5
6575,4,5,5,5
6603,2,2,1,2
6605,3,3,3,4
6606,3,3,3,4
6608,4,4,3,5
6609,3,4,3,3
6612,3,3,3,3
6613,3,3,4,4
6614,5,5,5,5
6616,5,5,5,5
6620,2,2,2,2
6623,1,1,1,2
6625,4,3,3,5
6627,4,3,3,5
6628,4,4,4,5
6630,1,1,1,2
6631,4,3,3,4
6632,4,4,4,5
6635,1,1,1,2
6638,1,1,1,1
6639,1,1,2,1
6640,1,1,1,3
6642,1,1,1,3
6646,1,1,1,1
6701,1,1,1,2
6705,1,1,1,1
6707,3,3,3,3
6710,2,2,1,1
6713,5,5,5,3
6714,5,4,3,3
6716,3,4,2,1
6718,1,1,1,1
6720,3,3,1,1
6721,5,5,3,4
6722,3,3,1,2
6725,2,1,1,3
6726,4,3,2,4
6728,1,1,1,1
6740,1,1,1,1
6743,2,1,1,3
6751,4,5,2,2
6753,3,3,1,2
6754,4,4,2,1
6758,1,1,1,1
6760,1,1,1,1
6762,1,1,1,2
6765,1,1,1,1
6770,1,1,1,1
7000,5,5,2,5
7004,5,5,3,5
7005,5,5,4,5
7007,5,5,5,5
7008,5,4,3,5
7009,2,2,1,3
7010,1,1,1,1
7011,2,2,1,1
7012,4,5,5,4
7015,5,5,4,5
7016,1,1,1,1
7017,5,5,5,4
7018,4,4,3,4
7019,1,1,1,1
7020,5,5,5,5
7021,5,5,5,5
7022,5,5,4,4
7023,5,4,4,5
7024,5,5,5,5
7025,5,5,5,5
7026,3,4,5,3
7027,1,1,2,1
7030,1,1,1,1
7050,4,4,3,5
7052,5,5,5,5
7053,5,5,5,5
7054,5,5,5,5
7055,4,5,4,3
7109,4,3,4,4
7112,3,3,2,4
7113,4,4,4,4
7116,2,2,2,3
7117,2,2,2,2
7119,1,1,2,2
7120,2,1,2,2
7140,1,1,2,1
7150,5,5,5,5
7155,5,5,5,5
7162,5,5,5,5
7163,4,4,4,5
7170,5,5,5,5
7171,4,4,4,3
7172,3,3,3,2
7173,3,3,3,3
7174,4,4,5,4
7175,4,3,4,4
7176,4,4,5,4
7177,2,2,3,3
7178,3,3,4,4
7179,4,4,4,4
7180,2,2,3,4
7182,1,1,1,2
7183,3,3,4,5
7184,1,1,1,2
7185,2,2,2,3
7186,2,2,2,3
7187,2,2,3,4
7190,2,2,2,3
7209,3,3,3,4
7210,1,1,1,1
7211,3,2,3,2
7212,4,4,4,4
7213,1,1,1,1
7214,1,1,1,1
7215,2,2,2,3
7216,1,2,1,2
7248,1,1,1,1
7249,3,3,1,3
7250,4,4,2,4
7252,4,4,5,4
7253,1,1,1,1
7254,3,3,4,2
7255,4,4,3,5
7256,4,4,3,3
7257,1,1,1,1
7258,5,5,5,5
7259,3,3,4,3
7260,2,2,2,1
7261,1,1,2,1
7262,3,3,3,2
7263,2,2,2,3
7264,1,1,1,1
7265,2,2,2,3
7267,4,4,5,3
7268,4,4,4,3
7270,2,2,2,2
7275,4,4,4,4
7276,3,3,3,4
7277,5,5,5,4
7290,3,4,4,2
7291,4,5,5,4
7292,5,4,5,4
7300,4,4,4,2
7301,3,3,2,2
7302,3,3,3,2
7303,3,3,3,3
7304,3,3,3,3
7305,1,1,2,1
7306,3,3,3,3
7307,3,3,3,2
7310,2,2,1,2
7315,2,2,2,2
7316,4,4,4,3
7320,2,2,1,2
7321,3,3,4,2
7322,2,2,2,2
7325,2,2,2,2
7330,2,2,3,1
7331,3,3,3,3
7466,2,3,4,1
7467,1,1,1,1
7468,3,3,3,2
7469,1,1,1,1
7470,1,1,1,1
800,5,4,3,5
810,4,4,4,5
812,4,3,4,3
815,5,5,5,5
820,5,5,4,5
822,1,1,1,1
828,3,2,3,3
829,3,3,3,2
830,3,3,3,2
832,5,5,5,4
834,4,4,5,4
835,4,5,5,4
836,4,4,5,3
837,3,3,5,2
838,4,4,5,3
839,2,3,2,2
840,2,2,2,1
841,2,3,4,2
845,2,2,2,3
846,1,1,2,1
847,1,1,1,2
850,3,2,3,4
852,1,1,1,1
853,5,5,4,5
854,1,1,1,1
860,2,2,2,3
862,1,1,1,1
870,4,4,3,4
872,1,1,1,1
873,2,2,2,2
874,5,5,4,5
875,3,3,3,4
880,2,2,1,3
885,5,5,4,5
886,3,4,2,4
2600,5,5,5,5
2601,5,5,1,5
2602,3,2,2,4
2603,5,5,4,5
2604,4,3,2,5
2605,5,4,4,4
2606,2,2,2,3
2607,4,4,4,4
2609,1,1,1,1
2611,4,4,5,4
2612,4,3,1,5
2614,3,3,3,3
2615,1,1,3,1
2617,2,3,2,3
2900,2,2,1,3
2902,2,1,3,2
2903,2,2,3,2
2904,3,4,5,2
2905,1,1,3,1
2906,1,2,4,1
2911,5,5,5,4
2912,3,3,2,2
2913,3,4,4,2
2914,4,5,5,3
2899,NA,NA,NA,NA
6798,NA,NA,NA,NA
6799,NA,NA,NA,NA
